{"cameraMode":{"drawMode":0,"name":"Shaded","section":"Shading Mode"},"sceneLighting":true,"audioPlay":false,"sceneViewState":{"showFog":true,"showMaterialUpdate":false,"showSkybox":true,"showFlares":true,"showImageEffects":true,"showParticleSystems":true},"in2DMode":false,"pivot":{"x":-0.692050576210022,"y":0.791496217250824,"z":-4.19449520111084},"rotation":{"x":0.02993958815932274,"y":0.31023579835891726,"z":-0.009775632992386818,"w":0.950141191482544},"size":2.1280524730682375,"orthographic":false}